X,district,school,county,grades,students,teachers,calworks,lunch,computer,expenditure,income,english,read,math,testscore,str
219,68544,Jefferson Elementary,San Joaquin,KK-08,865,43.5,3.08419990539551,12.5740995407104,96,4797.50341796875,14.5780000686646,3.35260105133057,660.799987792969,649.599975585938,655.199981689453,19.8850574712644
209,66332,Grass Valley Elementary,Nevada,KK-08,2045,107.209999084473,12.1270999908447,40.9291000366211,268,5532.58203125,13.7119998931885,1.36919319629669,657.799987792969,650.599975585938,654.199981689453,19.0747133426305
189,63172,Magnolia Union Elementary,Imperial,KK-08,108,5,3.66969990730286,32.1100997924805,25,4432.47802734375,9.66499996185303,4.62962961196899,648.200012207031,655.799987792969,652,21.6
134,72421,Twain Harte-Long Barn Union Elementary,Tuolumne,KK-08,752,39.5,11.7104997634888,34.0788993835449,0,5500.10791015625,14.076000213623,0.132978722453117,652.299987792969,636.099975585938,644.199981689453,19.0379746835443
414,68981,Portola Valley Elementary,San Mateo,KK-08,687,44.5900001525879,0.304899990558624,0,209,7217.26318359375,50.6769981384277,1.16448330879211,698.299987792969,699.900024414062,699.100006103516,15.407041884931
249,69625,Oak Grove Elementary,Santa Clara,KK-08,11855,588.840026855469,9.01580047607422,32.7654991149902,1507,5486.02978515625,17.4351997375488,20.7254314422607,654.900024414062,663.200012207031,659.050018310547,20.1328025598196
185,72090,Rockford  Elementary,Tulare,KK-08,324,15.3999996185303,13.0031003952026,58.2042999267578,50,4276.115234375,9.63000011444092,2.46913576126099,647,655.900024414062,651.450012207031,21.0389615601121
328,72108,Saucelito Elementary,Tulare,KK-08,118,5.5,8.33329963684082,51.6666984558105,10,4451.2568359375,8.93400001525879,7.6271185874939,668.5,669.099975585938,668.799987792969,21.4545454545455
401,69526,Los Gatos Union Elementary,Santa Clara,KK-08,2768,141.399993896484,0.448100000619888,2.79209995269775,540,5566.4677734375,34.1595001220703,1.58959531784058,691.599975585938,686.599975585938,689.099975585938,19.5756726978814
287,71522,Evergreen Union Elementary,Tehama,KK-08,823,46,13.8517999649048,55.2854995727539,127,5331.9208984375,10.5509996414185,2.18712043762207,657.700012207031,670.099975585938,663.899993896484,17.8913043478261
410,61747,Moraga Elementary,Contra Costa,KK-08,1885,98.4199981689453,0.0505999997258186,0.303299993276596,241,5592.76513671875,31.0520000457764,1.96286475658417,697.400024414062,695.700012207031,696.550018310547,19.1526116141991
176,63032,South Bay Union Elementary,Humboldt,KK-06,575,35.0999984741211,26.4347991943359,59.1304016113281,59,5504.025390625,14.2279996871948,8.17391300201416,654.599975585938,646.5,650.549987792969,16.38176709392
13,71795,Allensworth Elementary,Tulare,KK-08,103,5,22.4298992156982,98.1307983398438,25,6567.1494140625,5.33500003814697,42.7184448242188,612.799987792969,619.799987792969,616.299987792969,20.6
392,68882,Burlingame Elementary,San Mateo,KK-08,2392,127.220001220703,1.42139995098114,6.27089977264404,439,5429.4736328125,35.810001373291,17.7257518768311,682.400024414062,684.299987792969,683.350006103516,18.8020749650075
72,64642,Keppel Union Elementary,Los Angeles,KK-08,2987,141.210006713867,21.2588005065918,68.3964004516602,273,4826.666015625,13.7305994033813,14.4291934967041,637.700012207031,631.099975585938,634.399993896484,21.1528918488938
124,66167,San Antonio Union Elementary,Monterey,KK-08,196,10,19.6891002655029,47.1502990722656,40,6087.60888671875,13.5790004730225,3.06122446060181,652.599975585938,632.900024414062,642.75,19.6
114,66589,Magnolia Elementary,Orange,KK-06,6518,332.100006103516,12.2791004180908,71.0238037109375,499,5172.01953125,14.2429008483887,43.4949378967285,638.5,643,640.75,19.6266181276984
40,63578,Richland-Lerdo Union Elementary,Kern,KK-08,2471,121.860000610352,23.7959995269775,87.7781982421875,275,5119.158203125,9.70899963378906,53.0554428100586,627.5,627.099975585938,627.299987792969,20.2773673693063
336,62794,Fieldbrook Elementary,Humboldt,KK-08,129,6.59999990463257,13.9534997940063,27.131799697876,17,5195.9189453125,11.8339996337891,0,670.099975585938,669.5,669.799987792969,19.5454548278788
136,61846,Camino Union Elementary,El Dorado,KK-08,548,32.2000007629395,7.66419982910156,31.3868999481201,35,5685.63916015625,14.8669996261597,11.4963502883911,652.099975585938,636.700012207031,644.399993896484,17.018633137137
339,63479,Fruitvale Elementary,Kern,KK-08,2596,135.350006103516,3.00460004806519,19.5300006866455,249,5112.39013671875,15.5190000534058,1.57935285568237,669.200012207031,670.799987792969,670,19.1799030878105
144,62737,Cuddeback Union Elementary,Humboldt,KK-08,149,8.5,19.4631004333496,59.0603981018066,30,5182.42822265625,10.3330001831055,0,656.799987792969,633.700012207031,645.25,17.5294117647059
278,63750,Rosedale Union Elementary,Kern,KK-08,3548,170.649993896484,3.25999999046326,14.8508996963501,335,4522.37548828125,16.2929992675781,0.366403609514236,658.299987792969,667,662.649993896484,20.7910936237842
82,62539,West Park Elementary,Fresno,KK-08,314,19.25,29.93630027771,93.6305999755859,8,6118.71044921875,7.38500022888184,13.0573244094849,636.700012207031,634.799987792969,635.75,16.3116883116883
307,69849,Soquel Elementary,Santa Cruz,KK-08,2458,124.069999694824,6.01870012283325,24.6035003662109,193,5229.59130859375,18.7968330383301,11.2693252563477,666.900024414062,665.299987792969,666.100006103516,19.8113968408637
198,68155,Jamul-Dulzura Union Elementary,San Diego,KK-08,1221,61.5999984741211,4.34070014953613,25.3071002960205,250,5169.81494140625,19.0259990692139,7.28910732269287,656.799987792969,648.900024414062,652.850006103516,19.8214290624205
47,69369,Alum Rock Union Elementary,Santa Clara,KK-08,16244,766.650024414062,17.4531002044678,69.7398986816406,1423,5645.49560546875,12.5815773010254,49.8645668029785,629.5,631.200012207031,630.350006103516,21.1882860271413
132,63487,General Shafter Elementary,Kern,KK-08,224,10,7.14289999008179,58.035701751709,31,4741.95703125,13.1920003890991,7.5892858505249,633.599975585938,653.799987792969,643.699981689453,22.4
370,72470,Mesa Union Elementary,Ventura,KK-08,516,21.5,0.968999981880188,27.7131996154785,50,4392.6796875,23.7329998016357,11.0465116500854,680.5,673.200012207031,676.850006103516,24
107,64857,Palmdale Elementary,Los Angeles,KK-08,19402,846.380004882812,20.5237007141113,51.2420997619629,1182,4906.22998046875,14.127667427063,18.4362449645996,641.700012207031,637.799987792969,639.75,22.9235094024774
155,62240,Kingsburg Joint Union Elementary,Fresno,KK-08,2019,102.779998779297,10.2525997161865,40.5646018981934,167,5193.6923828125,11.2379999160767,5.94353628158569,649.099975585938,644,646.549987792969,19.6438998246679
241,69013,San Bruno Park Elementary,San Mateo,KK-08,2770,140.110000610352,3.61010003089905,25.5596008300781,296,4806.76171875,18.3379993438721,11.9494590759277,659.700012207031,655.599975585938,657.649993896484,19.7701804862839
215,71423,Nuestro Elementary,Sutter,KK-08,103,5,5.82520008087158,23.3010005950928,13,5249.36474609375,8.77600002288818,0.970873773097992,662.200012207031,647.599975585938,654.899993896484,20.6
284,62745,Cutten Elementary,Humboldt,KK-06,515,27.3500003814697,16.1165008544922,26.2136001586914,58,5190.31005859375,14.2089996337891,0,660.200012207031,666.799987792969,663.5,18.8299814558293
304,68197,La Mesa-Spring Valley,San Diego,KK-08,14708,700.940002441406,13.5300998687744,45.7234001159668,1962,4969.51123046875,18.3198757171631,12.6801748275757,664.5,667.400024414062,665.950012207031,20.9832509897728
110,72447,Briggs Elementary,Ventura,KK-08,426,20,3.99060010910034,64.7886962890625,87,4436.15283203125,11.9379997253418,9.62441349029541,634.299987792969,645.5,639.899993896484,21.3
143,72462,Hueneme Elementary,Ventura,KK-08,8416,391.420013427734,12.3990001678467,71.9121017456055,1333,5065.9111328125,12.6698999404907,43.75,642.900024414062,647.299987792969,645.100006103516,21.5012000186184
405,65425,Reed Union Elementary,Marin,KK-08,1059,65.120002746582,0.849900007247925,1.41639995574951,272,6460.6572265625,55.3279991149902,2.2662889957428,695.900024414062,692,693.950012207031,16.2622843263867
335,71654,Richfield Elementary,Tehama,KK-08,187,9.76000022888184,17.5531997680664,44.6809005737305,37,4357.826171875,9.48499965667725,8.55614948272705,664.599975585938,674.099975585938,669.349975585938,19.1598356162563
271,64196,Susanville Elementary,Lassen,KK-08,1449,76.9899978637695,16.5279006958008,42.6008987426758,125,5111.7392578125,12.6400003433228,1.24223601818085,660.400024414062,663.5,661.950012207031,18.8206265775451
146,68205,Lemon Grove Elementary,San Diego,KK-08,4612,232.970001220703,17.4761009216309,65.9150009155273,601,5124.83642578125,12.8269996643066,16.6522121429443,647.700012207031,643.400024414062,645.550018310547,19.796540223352
104,65557,Arena Union Elementary,Mendocino,KK-08,337,16.5499992370605,21.2625007629395,60.1329002380371,26,6089.91064453125,10.0349998474121,15.4302673339844,642.700012207031,635.900024414062,639.300018310547,20.3625387030444
331,64766,Lowell Joint Elementary,Los Angeles,KK-08,3303,146.5,4.66239976882935,16.9542999267578,379,4969.380859375,18.1186656951904,5.02573394775391,666.099975585938,672.099975585938,669.099975585938,22.5460750853242
186,62638,Plaza Elementary,Glenn,KK-08,140,6.75,7.85710000991821,45.714298248291,25,4566.27001953125,10.6389999389648,10.7142858505249,654.200012207031,649.400024414062,651.800018310547,20.7407407407407
280,66795,Colfax Elementary,Placer,KK-08,507,26.6499996185303,13.2039003372192,37.0873985290527,60,5358.326171875,14.0100002288818,0,667.099975585938,658.400024414062,662.75,19.0243905162187
362,68353,San Pasqual Union Elementary,San Diego,KK-08,379,23.1000003814697,2.90240001678467,22.1636009216309,29,5133.8271484375,15.1800003051758,22.6912937164307,670.5,676.599975585938,673.549987792969,16.4069261359851
173,71621,Red Bluff Union Elementary,Tehama,KK-08,2326,117.800003051758,17.9750995635986,52.2523002624512,345,5149.1865234375,11.4259996414185,6.40584659576416,651.299987792969,648.099975585938,649.699981689453,19.7453305580817
156,66456,Buena Park Elementary,Orange,KK-08,5620,267,10.3094997406006,55.0938987731934,316,5002.8388671875,15.0513753890991,36.1743774414062,644,649.400024414062,646.700012207031,21.0486891385768
355,64170,Richmond Elementary,Lassen,KK-08,198,9,2.45099997520447,12.7451000213623,24,4593.19677734375,12.6400003433228,0,672.700012207031,672.200012207031,672.450012207031,22
16,72041,Pixley Union Elementary,Tulare,KK-08,852,42.0699996948242,24.2141990661621,94.2957000732422,80,6026.35986328125,7.4539999961853,49.413143157959,614.799987792969,619.900024414062,617.350006103516,20.2519611642598
260,72348,Columbia Union Elementary,Tuolumne,KK-08,461,26,14.4708003997803,48.8120994567871,150,5630.19482421875,10.3113327026367,0.216919749975204,666.900024414062,654.599975585938,660.75,17.7307692307692
384,70789,Kenwood Elementary,Sonoma,KK-06,164,10.5100002288818,2.35290002822876,12.9412002563477,35,6588.4306640625,22.8633346557617,11.5853662490845,682.799987792969,679.799987792969,681.299987792969,15.6041861492375
94,61382,Bangor Union Elementary,Butte,KK-08,146,8,25.3425006866455,54.1096000671387,34,6231.6015625,7.10500001907349,0,646.099975585938,629.799987792969,637.949981689453,18.25
133,71308,Turlock Joint Elementary,Stanislaus,KK-08,7887,391.859985351562,16.4023990631104,57.0722007751465,1004,4954.01953125,12.2159996032715,29.0858383178711,645.700012207031,641.700012207031,643.700012207031,20.1270869566437
194,63016,Rohnerville Elementary,Humboldt,KK-08,577,29.9500007629395,20.3360996246338,46.0503997802734,134,4882.23681640625,14.1969995498657,0,657.200012207031,647.5,652.350006103516,19.2654419132432
246,63024,Scotia Union Elementary,Humboldt,KK-08,370,19.7999992370605,6.50409984588623,36.3143997192383,56,4385.2294921875,12.173999786377,0.54054057598114,664,652.700012207031,658.350006103516,18.6868694069167
270,71084,Gratton Elementary,Stanislaus,KK-08,105,5.73000001907349,0,0,16,4877.08642578125,13.5860004425049,10.4761905670166,662.5,661.299987792969,661.899993896484,18.3246072688457
247,67785,Mountain View Elementary,San Bernardino,KK-08,3182,153.199996948242,3.53049993515015,26.9433002471924,328,4777.5126953125,12.8999996185303,8.95663166046143,654.700012207031,662.5,658.600006103516,20.7702354006902
269,66910,Roseville City Elementary,Placer,KK-08,5714,277.670013427734,10.5342998504639,30.0690994262695,489,4981.3876953125,18.0295543670654,8.66293334960938,664.299987792969,659.5,661.899993896484,20.5783834180104
396,61812,Walnut Creek Elementary,Contra Costa,KK-08,3280,158.399993896484,2.75230002403259,7.85930013656616,406,4819.90380859375,25.2397155761719,6.06707334518433,682.200012207031,687.400024414062,684.800018310547,20.7070715049618
295,61929,Mother Lode Union Elementary,El Dorado,KK-08,1708,89,8.48950004577637,29.0398006439209,206,5133.009765625,15.1669998168945,2.22482442855835,665.5,663.900024414062,664.700012207031,19.1910112359551
62,67397,North Sacramento Elementary,Sacramento,KK-06,5138,290.774993896484,58.7522010803223,84.9990005493164,560,5606.78173828125,10.9056425094604,32.9894905090332,630.299987792969,635.799987792969,633.049987792969,17.6700201456427
87,67231,Romoland Elementary,Riverside,KK-06,1358,65,14.7903003692627,80.8683013916016,178,4897.06787109375,12.0620002746582,30.6332855224609,632.299987792969,641.099975585938,636.699981689453,20.8923076923077
182,71266,Salida Union Elementary,Stanislaus,KK-08,2617,107.194999694824,8.36820030212402,32.369701385498,226,4547.94482421875,11.8857498168945,12.8009166717529,651.700012207031,650.700012207031,651.200012207031,24.4134521894715
50,69450,Franklin-McKinley Elementary,Santa Clara,KK-08,10696,487.970001220703,22.1578006744385,70.8956985473633,1306,5257.99658203125,11.7849998474121,52.8047866821289,628.5,632.599975585938,630.549987792969,21.9193802349385
273,71852,Columbine Elementary,Tulare,KK-08,160,8,11.25,56.875,39,4138.3056640625,7.5,9.375,651.400024414062,673.400024414062,662.400024414062,20
19,64709,Lennox Elementary,Los Angeles,KK-08,6880,303.029998779297,21.2824001312256,94.9711990356445,960,5064.61572265625,7.02199983596802,77.0058135986328,619.099975585938,620.5,619.799987792969,22.7040227954819
357,70995,Waugh Elementary,Sonoma,KK-06,734,36,2.02430009841919,12.8205003738403,117,4920.77734375,16.9559993743896,6.53950929641724,676.099975585938,669.299987792969,672.699981689453,20.3888888888889
31,68379,San Ysidro Elementary,San Diego,KK-08,4142,201,35.5625,81.5065002441406,569,5342.2333984375,6.61299991607666,80.4200897216797,620.400024414062,628.700012207031,624.550018310547,20.6069651741294
81,72587,Santa Paula Elementary,Ventura,KK-08,3835,186.199996948242,13.9911003112793,72.8628005981445,897,5533.1494140625,11.9379997253418,34.8891792297363,633,638.200012207031,635.600006103516,20.5961335276821
261,65102,Westside Union Elementary,Los Angeles,KK-08,6312,308.679992675781,9.83790016174316,22.693000793457,496,4708.625,16.9866256713867,3.12103939056396,662.099975585938,659.799987792969,660.949981689453,20.4483612471436
203,63180,McCabe Union Elementary,Imperial,KK-08,536,22.5,5.59700012207031,28.1716003417969,35,4260.306640625,10.2639999389648,8.76865673065186,653.400024414062,653.700012207031,653.550018310547,23.8222222222222
379,64600,Hermosa Beach City Elementary,Los Angeles,KK-08,946,49.1699981689453,2.17840003967285,6.53529977798462,310,5387.458984375,33.4550018310547,1.47991538047791,683.099975585938,676.200012207031,679.649993896484,19.2393743182499
57,64691,Lawndale Elementary,Los Angeles,KK-08,5804,283.149993896484,28.3425006866455,81.1165008544922,480,5367.98828125,14.1840000152588,34.7002067565918,631.400024414062,633,632.200012207031,20.4979697160858
292,62679,Arcata Elementary,Humboldt,KK-08,966,47.9599990844727,20.9580993652344,47.3054008483887,114,5318.24072265625,11.8339996337891,0.621118009090424,674,654.599975585938,664.299987792969,20.1417852051784
397,69211,Hope Elementary,Santa Barbara,KK-06,1254,57,1.58229994773865,12.5,0,5208.22607421875,25.0629997253418,10.1275911331177,686.200012207031,683.700012207031,684.950012207031,22
103,71357,Brittan Elementary,Sutter,KK-08,610,30.9799995422363,8.5246000289917,56.065601348877,144,4704.0439453125,11.2829999923706,3.44262313842773,640.299987792969,638.200012207031,639.25,19.6901229507238
268,72371,Sonora Elementary,Tuolumne,KK-08,895,47.5800018310547,17.5531997680664,42.4468002319336,70,5408.78173828125,14.1800003051758,1.89944136142731,662.700012207031,661,661.850006103516,18.8104238242347
183,70128,Shasta Union Elementary,Shasta,KK-08,242,13.25,28.0991992950439,51.6529006958008,32,5011.84033203125,9.92599964141846,0,654.400024414062,648.299987792969,651.350006103516,18.2641509433962
212,67348,Galt Joint Union Elementary,Sacramento,KK-08,3669,201.970001220703,11.3589000701904,41.0545997619629,500,4899.23974609375,13.2250003814697,24.2572898864746,652.700012207031,656.5,654.600006103516,18.166064157175
251,64345,Castaic Union Elementary,Los Angeles,KK-08,2295,103,4.03950023651123,31.3708992004395,224,4631.24365234375,14.6029996871948,13.9869289398193,658.299987792969,660.400024414062,659.350006103516,22.2815533980583
235,67991,Cajon Valley Union Elementary,San Diego,KK-08,19294,924.570007324219,18.9319000244141,50.9707984924316,2401,5280.0234375,15.6846542358398,16.6632118225098,657.599975585938,656.400024414062,657,20.8680790498909
244,67702,Etiwanda Elementary,San Bernardino,KK-08,6437,278.839996337891,2.51670002937317,17.1508007049561,622,4023.53173828125,15.7790002822876,2.48563003540039,658.5,657.299987792969,657.899993896484,23.0849235566615
239,63057,Trinidad Union Elementary,Humboldt,KK-08,160,8.69999980926514,16.0919990539551,36.7816009521484,37,6168.2294921875,14.0740003585815,0,672.799987792969,642.200012207031,657.5,18.3908050008928
415,69682,Saratoga Union Elementary,Santa Clara,KK-08,2341,124.089996337891,0.170900002121925,0.59799998998642,286,5392.638671875,40.4020004272461,2.05040574073792,698.900024414062,701.700012207031,700.300018310547,18.8653402295667
236,69393,Campbell Union Elementary,Santa Clara,KK-08,7661,386.420013427734,7.80579996109009,32.1367988586426,1158,5433.33984375,23.4837493896484,21.955358505249,657.299987792969,656.700012207031,657,19.8255776972916
89,63503,Greenfield Union Elementary,Kern,KK-08,6195,306.75,21.0433006286621,68.5718994140625,1261,4825.72265625,8.92033290863037,13.5593223571777,636.200012207031,637.700012207031,636.950012207031,20.1955990220049
131,70185,Big Springs Union Elementary,Siskiyou,KK-08,216,14,9.41699981689453,48.8788986206055,47,5923.45166015625,9.7810001373291,0.92592591047287,652.700012207031,634.299987792969,643.5,15.4285714285714
359,68866,Belmont-Redwood Shores Elementary,San Mateo,KK-08,2528,138.309997558594,1.34210002422333,2.4456000328064,482,5729.904296875,25.6219997406006,3.67879748344421,675,671.5,673.25,18.2777821171534
177,61655,Brentwood Union Elementary,Contra Costa,KK-08,3519,175.300003051758,5.54129981994629,29.7812004089355,789,5105.734375,15.0270004272461,15.4589366912842,655.400024414062,645.799987792969,650.600006103516,20.0741582358159
315,72355,Curtis Creek Elementary,Tuolumne,KK-08,830,46.6599998474121,10.4118995666504,32.608699798584,95,4906.0302734375,14.1800003051758,0.48192772269249,662.099975585938,671.299987792969,666.699981689453,17.7882555232377
367,71696,Douglas City Elementary,Trinity,KK-08,139,7.34999990463257,20.8633003234863,66.9065017700195,40,5771.3837890625,13.2729997634888,0,680.099975585938,672.200012207031,676.149993896484,18.9115648712309
262,65649,Ballico-Cressey Elementary,Merced,KK-08,285,13.9899997711182,7.24139976501465,66.206901550293,62,5629.96142578125,9.61200046539307,47.3684234619141,661.099975585938,661.599975585938,661.349975585938,20.3716944004796
242,71472,Antelope Elementary,Tehama,KK-08,551,28.5,15.2343997955322,51.5625,46,4840.93603515625,11.4259996414185,3.99274039268494,660.200012207031,655.299987792969,657.75,19.3333333333333
343,61838,Buckeye Union Elementary,El Dorado,KK-08,3787,186.100006103516,3.24799990653992,8.34430027008057,934,5119.123046875,19.117000579834,0.264061272144318,674.900024414062,668.299987792969,671.600006103516,20.3492739161627
231,63883,Central Union Elementary,Kings,KK-08,1789,96,2.96250009536743,56.0088996887207,435,7070.63330078125,10.5566673278809,9.55841255187988,655.400024414062,657.900024414062,656.650024414062,18.6354166666667
243,66472,Centralia Elementary,Orange,KK-06,5205,242.5,8.3189001083374,37.2910995483398,474,4954.46630859375,15.7499170303345,22.9394817352295,655.099975585938,660.5,657.799987792969,21.4639175257732
51,64592,Hawthorne Elementary,Los Angeles,KK-08,8935,444.5,36.9450988769531,79.5120010375977,786,5016.6923828125,14.0620002746582,44.0850601196289,628.400024414062,633.700012207031,631.050018310547,20.1012373453318
347,64998,Saugus Union Elementary,Los Angeles,KK-06,8529,407.700012207031,2.19250011444092,11.7012996673584,834,4715.44580078125,20.7390556335449,3.70500636100769,668.900024414062,674.599975585938,671.75,20.9197933397877
159,72231,Tulare City Elementary,Tulare,KK-08,7210,360.350006103516,26.6268005371094,68.8579025268555,800,5158.7919921875,10.0979995727539,15.1872396469116,642.5,651.599975585938,647.049987792969,20.0083249004547
135,69005,Redwood City Elementary,San Mateo,KK-08,9328,537.880004882812,7.48750019073486,39.0368003845215,1719,5360.51708984375,25.4873332977295,50.8576316833496,644.5,643.900024414062,644.200012207031,17.3421579447488
36,64758,Los Nietos Elementary,Los Angeles,KK-08,2267,103.680000305176,19.1516990661621,84.4337997436523,177,5272.19189453125,11.3325004577637,35.4653701782227,625.400024414062,628.200012207031,626.800018310547,21.8653548739122
217,61762,Oakley Union Elementary,Contra Costa,KK-08,4153,199.860000610352,7.52689981460571,23.4409008026123,241,4965.2900390625,16.3229999542236,4.9843487739563,657.400024414062,652.700012207031,655.050018310547,20.7795456185188
224,66787,Auburn Union Elementary,Placer,KK-08,2903,138.119995117188,11.1263999938965,34.4471015930176,192,5431.17724609375,16.2719993591309,3.16913533210754,662,649.099975585938,655.549987792969,21.0179561441263
15,72298,Woodville Elementary,Tulare,KK-08,649,36,14.637900352478,76.2712020874023,31,5621.4560546875,9.63000011444092,80.1232604980469,611.900024414062,621,616.450012207031,18.0277777777778
106,67470,Hollister School District,San Benito,KK-08,5718,295.049987792969,6.84070014953613,37.0456008911133,313,5144.54931640625,13.6300001144409,22.7177333831787,641.400024414062,637.599975585938,639.5,19.3797669431263
86,75051,Lucerne Valley Unified,San Bernardino,KK-08,1114,57.7000007629395,29.4468002319336,62.2127990722656,277,5929.80908203125,8.89599990844727,1.79533219337463,645.400024414062,627.799987792969,636.600006103516,19.3067588435028
395,69732,Bonny Doon Union Elementary,Santa Cruz,KK-06,235,12.6000003814697,4.66099977493286,5.93219995498657,30,5319.5537109375,18.2830009460449,0.425531893968582,688.5,680.200012207031,684.350006103516,18.6507930861339
137,65813,Plainsburg Union Elementary,Merced,KK-08,104,5,32.3810005187988,49.5237998962402,19,5594.1962890625,9.97200012207031,13.4615392684937,649.5,639.400024414062,644.450012207031,20.8
317,70805,Mark West Union Elementary,Sonoma,KK-06,1588,83.4000015258789,6.79850006103516,20.5809993743896,220,5301.71630859375,18.6709995269775,3.84131002426147,671.299987792969,662.400024414062,666.850006103516,19.040767037723
256,70599,Alexander Valley Union Elementary,Sonoma,KK-06,119,7,4,33.5999984741211,23,5990.79443359375,18.326000213623,28.5714302062988,661.700012207031,658.400024414062,660.050018310547,17
312,68361,Santee Elementary,San Diego,KK-08,8432,360.5,6.39230012893677,22.9839000701904,0,5397.689453125,14.0976667404175,4.96916532516479,663.700012207031,669.5,666.600006103516,23.3897364771151
360,61978,Rescue Union Elementary,El Dorado,KK-08,2987,154.169998168945,2.04220008850098,11.1817998886108,290,4825.2021484375,18.7259998321533,0.502176105976105,676.099975585938,670.5,673.299987792969,19.3747164524627
172,69971,Enterprise Elementary,Shasta,KK-08,3981,210,41.7733993530273,51.7709007263184,606,5358.51708984375,12.7491426467896,8.84200000762939,649.799987792969,649.200012207031,649.5,18.9571428571429
178,72405,Summerville Elementary,Tuolumne,KK-08,474,26.3400001525879,21.9958992004395,54.9897994995117,61,5634.73095703125,10.5209999084473,0,653.599975585938,647.700012207031,650.649993896484,17.9954440870962
308,62554,Capay Joint Union Elementary,Glenn,KK-08,144,8,4.16669988632202,44.4444007873535,14,4507.35302734375,10.6389999389648,9.72222232818604,671.900024414062,660.400024414062,666.150024414062,18
345,61887,Gold Trail Union Elementary,El Dorado,KK-08,678,34.8400001525879,2.50740003585815,15.9292001724243,47,5450.103515625,15.1669998168945,0.147492617368698,677.599975585938,665.700012207031,671.649993896484,19.4603902706825
206,62927,Loleta Union Elementary,Humboldt,KK-08,168,11.0100002288818,29.1667003631592,63.6904983520508,30,5653.45361328125,12.5019998550415,12.5,655.900024414062,651.799987792969,653.850006103516,15.2588552686218
125,71837,Burton Elementary,Tulare,KK-08,2208,114.5,14.4139995574951,53.2106018066406,92,4960.515625,9.63000011444092,9.87318801879883,642,644.099975585938,643.049987792969,19.2838427947598
299,69195,Goleta Union Elementary,Santa Barbara,KK-06,4521,236.580001831055,3.70519995689392,31.082799911499,494,5427.548828125,16.7578010559082,32.0725517272949,666.799987792969,663.400024414062,665.100006103516,19.1098147138764
344,75085,Rocklin Unified,Placer,KK-08,6423,306.380004882812,2.92989993095398,14.2659997940063,855,4792.21142578125,17.6200008392334,1.44792151451111,671.400024414062,671.799987792969,671.600006103516,20.9641618174683
202,69724,Whisman Elementary,Santa Clara,KK-08,1678,88.2699966430664,5.48269987106323,38.2001991271973,254,6306.4873046875,20.7700004577637,28.2479133605957,655.599975585938,651.5,653.549987792969,19.0098568462085
97,65151,Wilsona Elementary,Los Angeles,KK-08,1841,95,25.257999420166,64.7473983764648,315,6107.1064453125,13.7620000839233,19.3916358947754,640.400024414062,636,638.200012207031,19.3789473684211
259,72207,Three Rivers Union Elementary,Tulare,KK-08,248,11.1199998855591,7.46269989013672,21.2686996459961,51,4302.8349609375,15.3649997711182,0,667.799987792969,652.799987792969,660.299987792969,22.3021585029028
290,66761,Ackerman Elementary,Placer,KK-08,309,15.5,4.20709991455078,32.6861000061035,85,4700.43212890625,16.2719993591309,1.94174754619598,671.299987792969,657,664.149993896484,19.9354838709677
225,67504,North County Joint Union Elementary,San Benito,KK-08,565,29.6499996185303,6.72569990158081,36.6371994018555,60,5382.0888671875,13.6300001144409,16.9911499023438,651.599975585938,659.799987792969,655.699981689453,19.0556494863121
301,70854,Petaluma City Elementary,Sonoma,KK-06,2569,138,5.48640012741089,24.7471008300781,326,5400,17.3694458007812,15.3367071151733,669.799987792969,660.900024414062,665.350006103516,18.6159420289855
221,63958,Kit Carson Union Elementary,Kings,KK-08,412,20.1000003814697,8.73789978027344,60.9222984313965,72,5078.5,11.1160001754761,9.46601963043213,653,657.700012207031,655.350006103516,20.497512048797
4,61457,Golden Feather Union Elementary,Butte,KK-08,243,14,36.475399017334,77.049201965332,85,7101.8310546875,8.97799968719482,0,651.900024414062,643.5,647.700012207031,17.3571428571429
319,70938,Sebastopol Union Elementary,Sonoma,KK-08,1425,71.8300018310547,5.09259986877441,19.8302001953125,65,4999.46875,17.507999420166,4.91228055953979,669.799987792969,664.599975585938,667.199981689453,19.8385070816457
201,63552,Lakeside Union Elementary,Kern,KK-08,793,39.7999992370605,4.41359996795654,30.7691993713379,49,4944.09228515625,19.068000793457,2.26986122131348,652.400024414062,654.599975585938,653.5,19.9246234975197
84,65862,Weaver Union Elementary,Merced,KK-08,1313,75.0800018310547,32.086799621582,73.5976028442383,112,5652.87890625,9.97200012207031,34.6534652709961,633.900024414062,638.299987792969,636.100006103516,17.4880123598627
363,61911,Latrobe Elementary,El Dorado,KK-08,145,9.30000019073486,6.20690011978149,0,27,5346.15625,19.117000579834,0,670.5,677.299987792969,673.899993896484,15.5913975296964
322,72132,Springville Union Elementary,Tulare,KK-08,400,22,13.8009004592896,29.8642997741699,65,5478.845703125,15.7519998550415,0,669.200012207031,666,667.600006103516,18.1818181818182
169,67918,Victor Elementary,San Bernardino,KK-06,8294,371.100006103516,23.1975002288818,51.5674018859863,1295,4948.8681640625,12.5498828887939,10.1278028488159,645.099975585938,652.799987792969,648.949981689453,22.3497705836373
233,61572,Mark Twain Union Elementary,Calaveras,KK-08,777,36.8499984741211,12.9886999130249,39.8487014770508,148,5482.67724609375,13.2430000305176,1.15830111503601,663.400024414062,650.200012207031,656.800018310547,21.0854825556009
42,65680,El Nido Elementary,Merced,KK-08,184,9,22.282600402832,85.8695983886719,40,5090.044921875,8.17800045013428,45.1086959838867,621.599975585938,635.200012207031,628.399993896484,20.4444444444444
364,66407,Union Hill Elementary,Nevada,KK-08,706,37.7400016784668,2.59369993209839,23.0548000335693,103,4789.30908203125,13.7119998931885,0.141643062233925,676,672.5,674.25,18.7069414043726
117,63123,El Centro Elementary,Imperial,KK-08,6272,297.040008544922,28.7199993133545,71.7623977661133,1338,5252.810546875,10.2639999389648,53.8903045654297,639.299987792969,643.599975585938,641.449981689453,21.1150007392067
316,70300,Fort Jones Union Elementary,Siskiyou,KK-06,160,10.8800001144409,13.3758001327515,53.5032005310059,38,6870.34619140625,11.826000213623,2.5,666.900024414062,666.799987792969,666.850006103516,14.7058821982579
265,70730,Harmony Union Elementary,Sonoma,KK-08,564,27.4300003051758,6.89659976959229,21.3792991638184,46,4905.22119140625,18.3689994812012,4.43262434005737,672.400024414062,650.799987792969,661.600006103516,20.5614288634761
420,72751,Wheatland Elementary,Yuba,KK-08,1778,93.4000015258789,6.92350006103516,47.5712013244629,313,5993.392578125,12.5019998550415,5.00562429428101,660.5,651,655.75,19.0364022585948
404,68965,Menlo Park City Elementary,San Mateo,KK-08,1940,111.819999694824,0.412400007247925,3.91750001907349,265,6180.14892578125,49.9389991760254,6.13402032852173,693.700012207031,690.099975585938,691.899993896484,17.3493114406599
